{"stats":{"minecraft:crafted":{"minecraft:cherry_planks":92,"minecraft:oak_door":3,"minecraft:oak_planks":40,"minecraft:stone_shovel":1,"minecraft:cherry_slab":138,"minecraft:blaze_powder":16,"minecraft:furnace":1,"minecraft:cherry_boat":1,"minecraft:stone":3,"minecraft:flint_and_steel":1,"minecraft:deepslate_brick_stairs":5,"minecraft:quartz_block":16,"minecraft:polished_deepslate":196,"minecraft:diamond_helmet":1,"minecraft:iron_boots":1,"minecraft:diamond_leggings":1,"minecraft:iron_axe":2,"minecraft:stone_pickaxe":1,"minecraft:chest":2,"minecraft:diamond_boots":1,"minecraft:ender_eye":12,"minecraft:golden_boots":2,"minecraft:wheat":234,"minecraft:coal_block":1,"minecraft:diamond_sword":1,"minecraft:crafting_table":3,"minecraft:wooden_pickaxe":1,"minecraft:bucket":1,"minecraft:air":0,"minecraft:bread":78,"minecraft:oak_boat":1,"minecraft:iron_chestplate":1,"minecraft:diamond_pickaxe":1,"minecraft:shield":1,"minecraft:stick":20,"minecraft:iron_ingot":98,"minecraft:iron_pickaxe":2,"minecraft:deepslate_tile_stairs":28,"minecraft:iron_shovel":1,"minecraft:iron_leggings":1,"minecraft:gold_ingot":135,"minecraft:stonecutter":1,"minecraft:deepslate_bricks":196,"minecraft:torch":12,"minecraft:diamond_chestplate":1},"minecraft:killed_by":{"minecraft:creeper":2,"minecraft:blaze":1,"minecraft:zombie":1},"minecraft:dropped":{"minecraft:enchanted_book":1,"minecraft:golden_boots":2,"minecraft:soul_sand":42,"minecraft:warped_fungus":1,"minecraft:glass_bottle":4,"minecraft:cobblestone":1,"minecraft:spectral_arrow":6,"minecraft:leather":15,"minecraft:stick":2,"minecraft:cracked_polished_blackstone_bricks":8,"minecraft:dirt":1,"minecraft:golden_carrot":1,"minecraft:polished_blackstone_brick_stairs":1,"minecraft:crimson_roots":1,"minecraft:potion":1,"minecraft:iron_leggings":1,"minecraft:gold_nugget":4,"minecraft:gilded_blackstone":1,"minecraft:polished_blackstone_bricks":9,"minecraft:string":3,"minecraft:gold_ingot":150,"minecraft:gravel":95,"minecraft:chiseled_polished_blackstone":1,"minecraft:blackstone":126,"minecraft:iron_nugget":79,"minecraft:nether_brick":47,"minecraft:iron_boots":2,"minecraft:oak_boat":1,"minecraft:basalt":1,"minecraft:arrow":2,"minecraft:stone_pickaxe":1,"minecraft:crying_obsidian":26,"minecraft:quartz":1,"minecraft:netherrack":3},"minecraft:picked_up":{"minecraft:crafting_table":10,"minecraft:nether_brick_fence":1,"minecraft:azure_bluet":1,"minecraft:splash_potion":4,"minecraft:chicken":1,"minecraft:ladder":1,"minecraft:enchanted_book":1,"minecraft:gold_block":14,"minecraft:potion":6,"minecraft:gilded_blackstone":1,"minecraft:nether_brick":47,"minecraft:brewing_stand":1,"minecraft:amethyst_block":4,"minecraft:polished_blackstone_brick_stairs":1,"minecraft:string":32,"minecraft:raw_copper":8,"minecraft:blackstone":126,"minecraft:gold_nugget":111,"minecraft:cobbled_deepslate":338,"minecraft:beef":4,"minecraft:oak_boat":4,"minecraft:calcite":9,"minecraft:iron_nugget":79,"minecraft:netherite_upgrade_smithing_template":1,"minecraft:poppy":12,"minecraft:sugar_cane":6,"minecraft:furnace":1,"minecraft:iron_boots":2,"minecraft:egg":1,"minecraft:stick":7,"minecraft:raw_iron":97,"minecraft:oak_door":1,"minecraft:torch":5,"minecraft:fire_charge":11,"minecraft:polished_blackstone_bricks":35,"minecraft:cherry_log":66,"minecraft:diorite":16,"minecraft:deepslate_tile_stairs":25,"minecraft:arrow":4,"minecraft:rotten_flesh":6,"minecraft:nether_bricks":1,"minecraft:deepslate_bricks":13,"minecraft:hay_block":26,"minecraft:gold_ingot":22,"minecraft:rail":2,"minecraft:deepslate_brick_stairs":5,"minecraft:blaze_rod":8,"minecraft:obsidian":24,"minecraft:mutton":8,"minecraft:white_wool":7,"minecraft:cobblestone":56,"minecraft:pink_petals":77,"minecraft:basalt":1,"minecraft:cherry_planks":3,"minecraft:golden_carrot":1,"minecraft:andesite":27,"minecraft:leather":17,"minecraft:flint":1,"minecraft:tuff":34,"minecraft:oak_log":11,"minecraft:golden_boots":1,"minecraft:yellow_bed":3,"minecraft:lapis_lazuli":46,"minecraft:dirt":227,"minecraft:twisting_vines":13,"minecraft:bone":4,"minecraft:wheat_seeds":26,"minecraft:raw_gold":1,"minecraft:bell":3,"minecraft:iron_ingot":58,"minecraft:soul_sand":45,"minecraft:smooth_basalt":7,"minecraft:warped_fungus":1,"minecraft:chiseled_polished_blackstone":2,"minecraft:quartz":65,"minecraft:gravel":110,"minecraft:white_bed":4,"minecraft:crying_obsidian":26,"minecraft:spectral_arrow":86,"minecraft:diamond":32,"minecraft:cracked_polished_blackstone_bricks":24,"minecraft:granite":6,"minecraft:cherry_sapling":5,"minecraft:warped_roots":1,"minecraft:cherry_slab":2,"minecraft:oak_sapling":2,"minecraft:netherrack":356,"minecraft:coal":17,"minecraft:crimson_roots":1,"minecraft:ender_pearl":19},"minecraft:used":{"minecraft:cherry_boat":1,"minecraft:cherry_sapling":5,"minecraft:iron_shovel":78,"minecraft:flint_and_steel":3,"minecraft:stone_shovel":132,"minecraft:ladder":12,"minecraft:poppy":4,"minecraft:chest":15,"minecraft:shield":17,"minecraft:stone":31,"minecraft:zombie_spawn_egg":1,"minecraft:bell":3,"minecraft:rotten_flesh":2,"minecraft:netherrack":341,"minecraft:iron_chestplate":1,"minecraft:oak_door":1,"minecraft:anvil":1,"minecraft:torch":18,"minecraft:mutton":8,"minecraft:dirt":76,"minecraft:hopper":29,"minecraft:twisting_vines":13,"minecraft:granite":2,"minecraft:azure_bluet":1,"minecraft:obsidian":24,"minecraft:glass":76,"minecraft:lava_bucket":1,"minecraft:villager_spawn_egg":3,"minecraft:grass_block":43,"minecraft:iron_axe":162,"minecraft:cherry_slab":278,"minecraft:polished_deepslate_wall":51,"minecraft:cherry_trapdoor":1,"minecraft:iron_helmet":1,"minecraft:golden_carrot":4,"minecraft:beef":1,"minecraft:pitcher_plant":1,"minecraft:deepslate_tile_stairs":66,"minecraft:furnace":2,"minecraft:egg":1,"minecraft:cherry_log":43,"minecraft:iron_leggings":1,"minecraft:golden_boots":1,"minecraft:water_bucket":13,"minecraft:stone_pickaxe":121,"minecraft:ender_pearl":2,"minecraft:wooden_pickaxe":12,"minecraft:stonecutter":1,"minecraft:deepslate_bricks":491,"minecraft:oak_leaves":56,"minecraft:golden_apple":2,"minecraft:rail":126,"minecraft:crafting_table":14,"minecraft:white_bed":7,"minecraft:deepslate_brick_stairs":7,"minecraft:redstone_torch":20,"minecraft:oak_log":1,"minecraft:activator_rail":18,"minecraft:diamond_pickaxe":846,"minecraft:apple":2,"minecraft:bread":59,"minecraft:iron_pickaxe":274,"minecraft:cherry_sign":3,"minecraft:gravel":6,"minecraft:diamond_sword":197,"minecraft:fire_charge":1,"minecraft:cobblestone":16,"minecraft:potion":4,"minecraft:bucket":10,"minecraft:yellow_bed":3,"minecraft:oak_boat":4,"minecraft:splash_potion":19},"minecraft:killed":{"minecraft:spider":1,"minecraft:skeleton":1,"minecraft:chicken":1,"minecraft:piglin_brute":4,"minecraft:piglin":6,"minecraft:iron_golem":2,"minecraft:sheep":7,"minecraft:goat":2,"minecraft:zombie":11,"minecraft:enderman":1,"minecraft:blaze":18,"minecraft:cow":2},"minecraft:broken":{"minecraft:golden_boots":1,"minecraft:iron_pickaxe":1,"minecraft:stone_shovel":1},"minecraft:mined":{"minecraft:nether_gold_ore":24,"minecraft:tuff":34,"minecraft:white_bed":4,"minecraft:deepslate_diamond_ore":32,"minecraft:oak_door":1,"minecraft:cherry_log":67,"minecraft:brewing_stand":1,"minecraft:obsidian":13,"minecraft:nether_bricks":1,"minecraft:ladder":1,"minecraft:granite":6,"minecraft:chiseled_polished_blackstone":2,"minecraft:grass_block":109,"minecraft:crimson_roots":2,"minecraft:cracked_polished_blackstone_bricks":26,"minecraft:deepslate_bricks":12,"minecraft:deepslate_tile_stairs":25,"minecraft:spawner":1,"minecraft:gilded_blackstone":2,"minecraft:hay_block":27,"minecraft:polished_blackstone_bricks":38,"minecraft:furnace":1,"minecraft:iron_ore":40,"minecraft:fire":15,"minecraft:andesite":26,"minecraft:gold_block":15,"minecraft:nether_brick_fence":1,"minecraft:twisting_vines":3,"minecraft:bell":3,"minecraft:deepslate_iron_ore":1,"minecraft:deepslate_brick_stairs":5,"minecraft:stone":43,"minecraft:blackstone":9,"minecraft:twisting_vines_plant":5,"minecraft:crimson_nylium":2,"minecraft:basalt":1,"minecraft:powder_snow":5,"minecraft:crafting_table":10,"minecraft:torch":2,"minecraft:calcite":9,"minecraft:warped_roots":1,"minecraft:glass":1,"minecraft:nether_quartz_ore":10,"minecraft:copper_ore":2,"minecraft:tall_grass":11,"minecraft:cobblestone":15,"minecraft:lapis_ore":3,"minecraft:sugar_cane":4,"minecraft:polished_blackstone_brick_stairs":1,"minecraft:diorite":16,"minecraft:wall_torch":1,"minecraft:amethyst_block":4,"minecraft:cherry_slab":2,"minecraft:pink_petals":34,"minecraft:warped_nylium":2,"minecraft:birch_leaves":6,"minecraft:warped_fungus":1,"minecraft:yellow_bed":3,"minecraft:grass":66,"minecraft:oak_log":11,"minecraft:coal_ore":13,"minecraft:cherry_leaves":32,"minecraft:gravel":7,"minecraft:dirt":96,"minecraft:smooth_basalt":7,"minecraft:netherrack":392,"minecraft:gold_ore":1,"minecraft:deepslate":339},"minecraft:custom":{"minecraft:interact_with_anvil":1,"minecraft:mob_kills":57,"minecraft:inspect_hopper":1,"minecraft:interact_with_crafting_table":43,"minecraft:bell_ring":102,"minecraft:leave_game":6,"minecraft:time_since_death":8703,"minecraft:climb_one_cm":4342,"minecraft:sprint_one_cm":601804,"minecraft:walk_one_cm":502493,"minecraft:damage_blocked_by_shield":640,"minecraft:drop":244,"minecraft:talked_to_villager":2,"minecraft:play_time":263288,"minecraft:deaths":13,"minecraft:sneak_time":14614,"minecraft:walk_under_water_one_cm":12000,"minecraft:boat_one_cm":49292,"minecraft:jump":4510,"minecraft:walk_on_water_one_cm":19699,"minecraft:total_world_time":263288,"minecraft:interact_with_furnace":19,"minecraft:interact_with_stonecutter":6,"minecraft:sleep_in_bed":8,"minecraft:time_since_rest":8732,"minecraft:damage_taken":6404,"minecraft:damage_absorbed":39,"minecraft:damage_dealt":12975,"minecraft:swim_one_cm":67332,"minecraft:player_kills":1,"minecraft:fly_one_cm":1133214,"minecraft:open_chest":51,"minecraft:crouch_one_cm":45265,"minecraft:fall_one_cm":146388}},"DataVersion":3465}