{"stats":{"minecraft:custom":{"minecraft:animals_bred":14,"minecraft:interact_with_crafting_table":47,"minecraft:bell_ring":102,"minecraft:leave_game":8,"minecraft:time_since_death":33046,"minecraft:sprint_one_cm":900329,"minecraft:damage_blocked_by_shield":640,"minecraft:drop":288,"minecraft:talked_to_villager":216,"minecraft:play_time":419013,"minecraft:deaths":16,"minecraft:jump":6707,"minecraft:interact_with_brewingstand":1,"minecraft:walk_on_water_one_cm":22382,"minecraft:interact_with_furnace":19,"minecraft:traded_with_villager":100,"minecraft:sleep_in_bed":20,"minecraft:damage_dealt":25785,"minecraft:player_kills":1,"minecraft:crouch_one_cm":55769,"minecraft:inspect_dispenser":14,"minecraft:mob_kills":131,"minecraft:interact_with_anvil":5,"minecraft:inspect_hopper":11,"minecraft:climb_one_cm":16958,"minecraft:walk_one_cm":826886,"minecraft:sneak_time":18113,"minecraft:walk_under_water_one_cm":12055,"minecraft:boat_one_cm":49631,"minecraft:total_world_time":419013,"minecraft:interact_with_stonecutter":8,"minecraft:time_since_rest":5216,"minecraft:damage_taken":8236,"minecraft:damage_absorbed":39,"minecraft:minecart_one_cm":20480,"minecraft:swim_one_cm":67332,"minecraft:fly_one_cm":1778787,"minecraft:open_chest":200,"minecraft:fall_one_cm":226136},"minecraft:killed_by":{"minecraft:creeper":2,"minecraft:blaze":1,"minecraft:zombie":1,"minecraft:iron_golem":1},"minecraft:broken":{"minecraft:iron_shovel":1,"minecraft:golden_boots":1,"minecraft:stone_shovel":1,"minecraft:iron_pickaxe":1},"minecraft:used":{"minecraft:cherry_sapling":5,"minecraft:iron_shovel":259,"minecraft:dispenser":3,"minecraft:poppy":4,"minecraft:ladder":16,"minecraft:oak_sign":5,"minecraft:chest":36,"minecraft:shield":17,"minecraft:stone":31,"minecraft:zombie_spawn_egg":1,"minecraft:bell":3,"minecraft:farmland":3,"minecraft:rotten_flesh":2,"minecraft:iron_chestplate":1,"minecraft:mutton":8,"minecraft:carrot":86,"minecraft:azure_bluet":1,"minecraft:obsidian":24,"minecraft:glass":114,"minecraft:lava_bucket":1,"minecraft:villager_spawn_egg":44,"minecraft:grass_block":52,"minecraft:iron_helmet":1,"minecraft:furnace":2,"minecraft:egg":1,"minecraft:deepslate_brick_wall":123,"minecraft:golden_boots":1,"minecraft:cow_spawn_egg":30,"minecraft:stone_pickaxe":121,"minecraft:powered_rail":17,"minecraft:ender_pearl":2,"minecraft:wooden_pickaxe":12,"minecraft:composter":2,"minecraft:sugar_cane":26,"minecraft:oak_leaves":56,"minecraft:golden_apple":2,"minecraft:deepslate_brick_stairs":8,"minecraft:redstone_torch":21,"minecraft:lever":2,"minecraft:bread":86,"minecraft:stone_button":3,"minecraft:lectern":113,"minecraft:cherry_sign":3,"minecraft:gravel":6,"minecraft:diamond_sword":414,"minecraft:fire_charge":1,"minecraft:oak_boat":5,"minecraft:stripped_cherry_log":21,"minecraft:cherry_boat":1,"minecraft:oak_trapdoor":20,"minecraft:flint_and_steel":3,"minecraft:stone_shovel":132,"minecraft:redstone":9,"minecraft:stone_hoe":105,"minecraft:netherrack":341,"minecraft:oak_door":2,"minecraft:torch":41,"minecraft:brewing_stand":1,"minecraft:dirt":160,"minecraft:anvil":2,"minecraft:hopper":44,"minecraft:twisting_vines":15,"minecraft:granite":2,"minecraft:oak_fence_gate":1,"minecraft:iron_axe":166,"minecraft:cherry_slab":302,"minecraft:slime_block":2,"minecraft:polished_deepslate_wall":51,"minecraft:cherry_trapdoor":5,"minecraft:golden_carrot":4,"minecraft:beef":1,"minecraft:pitcher_plant":1,"minecraft:deepslate_tile_stairs":66,"minecraft:minecart":4,"minecraft:cherry_log":43,"minecraft:observer":12,"minecraft:iron_leggings":1,"minecraft:water_bucket":35,"minecraft:fletching_table":10,"minecraft:stonecutter":2,"minecraft:deepslate_bricks":767,"minecraft:rail":128,"minecraft:crafting_table":15,"minecraft:white_bed":11,"minecraft:oak_log":1,"minecraft:piston":9,"minecraft:mud":23,"minecraft:diamond_pickaxe":964,"minecraft:activator_rail":18,"minecraft:apple":2,"minecraft:iron_pickaxe":274,"minecraft:cobblestone":16,"minecraft:potion":4,"minecraft:bucket":25,"minecraft:yellow_bed":3,"minecraft:splash_potion":19},"minecraft:mined":{"minecraft:white_bed":4,"minecraft:cherry_log":68,"minecraft:brewing_stand":1,"minecraft:obsidian":13,"minecraft:granite":16,"minecraft:chiseled_polished_blackstone":2,"minecraft:grass_block":274,"minecraft:cracked_polished_blackstone_bricks":26,"minecraft:deepslate_bricks":12,"minecraft:deepslate_tile_stairs":25,"minecraft:gilded_blackstone":2,"minecraft:spawner":1,"minecraft:polished_blackstone_bricks":38,"minecraft:iron_ore":40,"minecraft:fire":15,"minecraft:anvil":1,"minecraft:twisting_vines":3,"minecraft:deepslate_brick_stairs":5,"minecraft:blackstone":9,"minecraft:twisting_vines_plant":9,"minecraft:deepslate_brick_wall":2,"minecraft:crimson_nylium":2,"minecraft:powder_snow":5,"minecraft:torch":4,"minecraft:calcite":9,"minecraft:glass":1,"minecraft:nether_quartz_ore":10,"minecraft:cobblestone":15,"minecraft:sugar_cane":4,"minecraft:wall_torch":4,"minecraft:amethyst_block":4,"minecraft:cherry_slab":3,"minecraft:pink_petals":34,"minecraft:warped_nylium":2,"minecraft:warped_fungus":1,"minecraft:grass":85,"minecraft:oak_log":11,"minecraft:dirt":143,"minecraft:smooth_basalt":7,"minecraft:netherrack":392,"minecraft:deepslate":444,"minecraft:nether_gold_ore":24,"minecraft:tuff":34,"minecraft:deepslate_diamond_ore":32,"minecraft:oak_door":1,"minecraft:ladder":1,"minecraft:nether_bricks":1,"minecraft:crimson_roots":2,"minecraft:hay_block":27,"minecraft:furnace":1,"minecraft:andesite":26,"minecraft:gold_block":15,"minecraft:bell":3,"minecraft:nether_brick_fence":1,"minecraft:deepslate_iron_ore":1,"minecraft:stone":43,"minecraft:basalt":1,"minecraft:crafting_table":10,"minecraft:warped_roots":1,"minecraft:lectern":3,"minecraft:tall_grass":11,"minecraft:copper_ore":2,"minecraft:lapis_ore":3,"minecraft:polished_blackstone_brick_stairs":1,"minecraft:diorite":16,"minecraft:birch_leaves":6,"minecraft:yellow_bed":3,"minecraft:coal_ore":13,"minecraft:cherry_leaves":32,"minecraft:gravel":7,"minecraft:gold_ore":1},"minecraft:crafted":{"minecraft:oak_planks":40,"minecraft:cherry_slab":138,"minecraft:blaze_powder":16,"minecraft:cherry_boat":1,"minecraft:stone":3,"minecraft:deepslate_brick_stairs":5,"minecraft:quartz_block":16,"minecraft:diamond_helmet":1,"minecraft:iron_boots":1,"minecraft:diamond_leggings":1,"minecraft:chest":2,"minecraft:netherite_upgrade_smithing_template":10,"minecraft:stone_hoe":1,"minecraft:ender_eye":12,"minecraft:golden_boots":2,"minecraft:emerald":96,"minecraft:crafting_table":4,"minecraft:wooden_pickaxe":1,"minecraft:iron_chestplate":1,"minecraft:diamond_pickaxe":1,"minecraft:shield":1,"minecraft:stick":20,"minecraft:iron_pickaxe":2,"minecraft:iron_ingot":98,"minecraft:gold_ingot":135,"minecraft:deepslate_bricks":196,"minecraft:cherry_planks":96,"minecraft:oak_door":3,"minecraft:stone_shovel":1,"minecraft:furnace":1,"minecraft:flint_and_steel":1,"minecraft:polished_deepslate":196,"minecraft:iron_axe":2,"minecraft:stone_pickaxe":1,"minecraft:diamond_boots":1,"minecraft:minecart":1,"minecraft:wheat":234,"minecraft:coal_block":1,"minecraft:diamond_sword":1,"minecraft:bucket":1,"minecraft:enchanted_book":4,"minecraft:bread":78,"minecraft:air":0,"minecraft:oak_boat":1,"minecraft:iron_shovel":1,"minecraft:iron_leggings":1,"minecraft:deepslate_tile_stairs":28,"minecraft:stonecutter":1,"minecraft:torch":12,"minecraft:diamond_chestplate":1},"minecraft:dropped":{"minecraft:soul_sand":42,"minecraft:warped_fungus":1,"minecraft:glass_bottle":4,"minecraft:netherite_upgrade_smithing_template":1,"minecraft:leather":15,"minecraft:cracked_polished_blackstone_bricks":8,"minecraft:dirt":6,"minecraft:polished_blackstone_brick_stairs":1,"minecraft:crimson_roots":1,"minecraft:gilded_blackstone":1,"minecraft:gold_nugget":4,"minecraft:bone_meal":1,"minecraft:polished_blackstone_bricks":9,"minecraft:gold_ingot":150,"minecraft:gravel":95,"minecraft:chiseled_polished_blackstone":1,"minecraft:blackstone":126,"minecraft:iron_nugget":79,"minecraft:nether_brick":47,"minecraft:carrot":1984,"minecraft:chest":1,"minecraft:basalt":1,"minecraft:arrow":2,"minecraft:crying_obsidian":26,"minecraft:quartz":1,"minecraft:netherrack":3,"minecraft:enchanted_book":1,"minecraft:golden_boots":2,"minecraft:wheat_seeds":2,"minecraft:cobblestone":1,"minecraft:spectral_arrow":6,"minecraft:stick":2,"minecraft:golden_carrot":1,"minecraft:potion":1,"minecraft:iron_leggings":1,"minecraft:string":3,"minecraft:chicken":1,"minecraft:iron_boots":2,"minecraft:villager_spawn_egg":2,"minecraft:oak_boat":1,"minecraft:stone_pickaxe":1},"minecraft:killed":{"minecraft:spider":4,"minecraft:skeleton":5,"minecraft:chicken":2,"minecraft:piglin_brute":4,"minecraft:piglin":6,"minecraft:iron_golem":5,"minecraft:sheep":7,"minecraft:goat":2,"minecraft:zombie":14,"minecraft:cow":23,"minecraft:blaze":18,"minecraft:villager":39,"minecraft:enderman":1},"minecraft:picked_up":{"minecraft:nether_brick_fence":1,"minecraft:anvil":1,"minecraft:gilded_blackstone":1,"minecraft:potion":6,"minecraft:enchanted_book":1,"minecraft:nether_brick":47,"minecraft:brewing_stand":1,"minecraft:amethyst_block":4,"minecraft:polished_blackstone_brick_stairs":1,"minecraft:string":33,"minecraft:raw_copper":8,"minecraft:gold_nugget":111,"minecraft:cobbled_deepslate":440,"minecraft:redstone_torch":2,"minecraft:calcite":9,"minecraft:netherite_upgrade_smithing_template":1,"minecraft:iron_boots":2,"minecraft:furnace":1,"minecraft:stick":7,"minecraft:deepslate_brick_wall":2,"minecraft:torch":12,"minecraft:villager_spawn_egg":2,"minecraft:cherry_log":67,"minecraft:diorite":16,"minecraft:deepslate_tile_stairs":25,"minecraft:rotten_flesh":9,"minecraft:blaze_rod":8,"minecraft:deepslate_brick_stairs":5,"minecraft:obsidian":24,"minecraft:cobblestone":56,"minecraft:pink_petals":77,"minecraft:cherry_planks":3,"minecraft:andesite":27,"minecraft:flint":1,"minecraft:tuff":34,"minecraft:lapis_lazuli":46,"minecraft:dirt":437,"minecraft:twisting_vines":15,"minecraft:bone":10,"minecraft:bow":1,"minecraft:wheat_seeds":37,"minecraft:raw_gold":1,"minecraft:bell":3,"minecraft:powered_rail":1,"minecraft:chiseled_polished_blackstone":2,"minecraft:grass_block":1,"minecraft:spectral_arrow":86,"minecraft:diamond":32,"minecraft:cracked_polished_blackstone_bricks":24,"minecraft:granite":16,"minecraft:oak_sapling":2,"minecraft:cherry_slab":3,"minecraft:netherrack":356,"minecraft:crimson_roots":1,"minecraft:crafting_table":10,"minecraft:azure_bluet":1,"minecraft:splash_potion":4,"minecraft:chicken":2,"minecraft:ladder":1,"minecraft:gold_block":14,"minecraft:blackstone":126,"minecraft:beef":33,"minecraft:oak_boat":4,"minecraft:iron_nugget":79,"minecraft:poppy":16,"minecraft:lectern":3,"minecraft:minecart":3,"minecraft:sugar_cane":10,"minecraft:chest":1,"minecraft:egg":1,"minecraft:raw_iron":97,"minecraft:oak_door":1,"minecraft:fire_charge":11,"minecraft:polished_blackstone_bricks":35,"minecraft:carrot":707,"minecraft:arrow":7,"minecraft:nether_bricks":1,"minecraft:deepslate_bricks":13,"minecraft:hay_block":26,"minecraft:gold_ingot":22,"minecraft:mutton":8,"minecraft:white_wool":7,"minecraft:rail":5,"minecraft:basalt":1,"minecraft:golden_carrot":1,"minecraft:leather":33,"minecraft:oak_log":11,"minecraft:golden_boots":1,"minecraft:yellow_bed":3,"minecraft:iron_ingot":71,"minecraft:soul_sand":45,"minecraft:warped_fungus":1,"minecraft:smooth_basalt":7,"minecraft:quartz":65,"minecraft:gravel":110,"minecraft:white_bed":4,"minecraft:crying_obsidian":26,"minecraft:spider_eye":2,"minecraft:cherry_sapling":5,"minecraft:warped_roots":1,"minecraft:coal":17,"minecraft:ender_pearl":19}},"DataVersion":3465}