{"stats":{"minecraft:picked_up":{"minecraft:crafting_table":10,"minecraft:azure_bluet":1,"minecraft:splash_potion":4,"minecraft:chicken":1,"minecraft:ladder":1,"minecraft:gold_block":14,"minecraft:potion":6,"minecraft:gilded_blackstone":1,"minecraft:nether_brick":47,"minecraft:brewing_stand":1,"minecraft:polished_blackstone_brick_stairs":1,"minecraft:string":31,"minecraft:raw_copper":8,"minecraft:blackstone":126,"minecraft:gold_nugget":111,"minecraft:cobbled_deepslate":138,"minecraft:beef":4,"minecraft:oak_boat":4,"minecraft:iron_nugget":79,"minecraft:netherite_upgrade_smithing_template":1,"minecraft:sugar_cane":6,"minecraft:iron_boots":2,"minecraft:furnace":1,"minecraft:egg":1,"minecraft:stick":7,"minecraft:raw_iron":97,"minecraft:oak_door":1,"minecraft:torch":4,"minecraft:fire_charge":11,"minecraft:polished_blackstone_bricks":35,"minecraft:cherry_log":64,"minecraft:diorite":16,"minecraft:arrow":4,"minecraft:rotten_flesh":3,"minecraft:hay_block":26,"minecraft:gold_ingot":22,"minecraft:blaze_rod":2,"minecraft:obsidian":21,"minecraft:mutton":8,"minecraft:cobblestone":40,"minecraft:white_wool":7,"minecraft:pink_petals":77,"minecraft:basalt":1,"minecraft:golden_carrot":1,"minecraft:cherry_planks":3,"minecraft:andesite":11,"minecraft:leather":17,"minecraft:flint":1,"minecraft:tuff":34,"minecraft:oak_log":11,"minecraft:golden_boots":1,"minecraft:yellow_bed":3,"minecraft:lapis_lazuli":46,"minecraft:dirt":201,"minecraft:bone":4,"minecraft:wheat_seeds":22,"minecraft:raw_gold":1,"minecraft:bell":3,"minecraft:iron_ingot":1,"minecraft:soul_sand":42,"minecraft:warped_fungus":1,"minecraft:chiseled_polished_blackstone":2,"minecraft:quartz":65,"minecraft:gravel":110,"minecraft:white_bed":4,"minecraft:spectral_arrow":77,"minecraft:crying_obsidian":26,"minecraft:diamond":32,"minecraft:cracked_polished_blackstone_bricks":24,"minecraft:granite":5,"minecraft:cherry_sapling":5,"minecraft:oak_sapling":2,"minecraft:netherrack":183,"minecraft:coal":17,"minecraft:crimson_roots":1,"minecraft:ender_pearl":19},"minecraft:used":{"minecraft:cherry_boat":1,"minecraft:iron_shovel":71,"minecraft:flint_and_steel":1,"minecraft:stone_shovel":132,"minecraft:chest":2,"minecraft:shield":17,"minecraft:bell":3,"minecraft:rotten_flesh":2,"minecraft:netherrack":159,"minecraft:iron_chestplate":1,"minecraft:oak_door":1,"minecraft:torch":13,"minecraft:mutton":8,"minecraft:dirt":25,"minecraft:azure_bluet":1,"minecraft:obsidian":11,"minecraft:iron_axe":121,"minecraft:iron_helmet":1,"minecraft:golden_carrot":4,"minecraft:beef":1,"minecraft:furnace":2,"minecraft:egg":1,"minecraft:iron_leggings":1,"minecraft:golden_boots":1,"minecraft:water_bucket":5,"minecraft:stone_pickaxe":121,"minecraft:wooden_pickaxe":12,"minecraft:crafting_table":12,"minecraft:white_bed":4,"minecraft:oak_log":1,"minecraft:diamond_pickaxe":348,"minecraft:apple":2,"minecraft:bread":48,"minecraft:iron_pickaxe":274,"minecraft:gravel":6,"minecraft:diamond_sword":101,"minecraft:fire_charge":1,"minecraft:potion":4,"minecraft:cobblestone":3,"minecraft:bucket":6,"minecraft:yellow_bed":3,"minecraft:oak_boat":3,"minecraft:splash_potion":3},"minecraft:broken":{"minecraft:golden_boots":1,"minecraft:iron_pickaxe":1,"minecraft:stone_shovel":1},"minecraft:killed":{"minecraft:chicken":1,"minecraft:piglin_brute":4,"minecraft:piglin":6,"minecraft:sheep":7,"minecraft:goat":2,"minecraft:zombie":5,"minecraft:cow":2,"minecraft:enderman":1,"minecraft:blaze":5},"minecraft:killed_by":{"minecraft:creeper":1,"minecraft:blaze":1,"minecraft:zombie":1},"minecraft:crafted":{"minecraft:cherry_planks":36,"minecraft:oak_door":3,"minecraft:oak_planks":40,"minecraft:stone_shovel":1,"minecraft:furnace":1,"minecraft:cherry_boat":1,"minecraft:flint_and_steel":1,"minecraft:quartz_block":16,"minecraft:diamond_helmet":1,"minecraft:diamond_leggings":1,"minecraft:iron_boots":1,"minecraft:iron_axe":2,"minecraft:stone_pickaxe":1,"minecraft:chest":2,"minecraft:diamond_boots":1,"minecraft:golden_boots":2,"minecraft:wheat":234,"minecraft:coal_block":1,"minecraft:diamond_sword":1,"minecraft:crafting_table":3,"minecraft:wooden_pickaxe":1,"minecraft:bucket":1,"minecraft:bread":78,"minecraft:air":0,"minecraft:oak_boat":1,"minecraft:iron_chestplate":1,"minecraft:diamond_pickaxe":1,"minecraft:shield":1,"minecraft:stick":20,"minecraft:iron_ingot":98,"minecraft:iron_pickaxe":2,"minecraft:iron_shovel":1,"minecraft:iron_leggings":1,"minecraft:gold_ingot":135,"minecraft:torch":12,"minecraft:diamond_chestplate":1},"minecraft:custom":{"minecraft:mob_kills":34,"minecraft:interact_with_crafting_table":38,"minecraft:bell_ring":102,"minecraft:leave_game":5,"minecraft:time_since_death":19977,"minecraft:climb_one_cm":1559,"minecraft:sprint_one_cm":464696,"minecraft:walk_one_cm":276157,"minecraft:damage_blocked_by_shield":640,"minecraft:drop":241,"minecraft:talked_to_villager":2,"minecraft:play_time":157687,"minecraft:deaths":10,"minecraft:sneak_time":6119,"minecraft:walk_under_water_one_cm":8379,"minecraft:boat_one_cm":49292,"minecraft:jump":3370,"minecraft:walk_on_water_one_cm":18422,"minecraft:total_world_time":157687,"minecraft:interact_with_furnace":15,"minecraft:sleep_in_bed":4,"minecraft:time_since_rest":20007,"minecraft:damage_taken":4764,"minecraft:damage_dealt":7349,"minecraft:swim_one_cm":67332,"minecraft:player_kills":1,"minecraft:fly_one_cm":736370,"minecraft:open_chest":32,"minecraft:crouch_one_cm":18030,"minecraft:fall_one_cm":106486},"minecraft:dropped":{"minecraft:golden_boots":1,"minecraft:soul_sand":42,"minecraft:warped_fungus":1,"minecraft:glass_bottle":4,"minecraft:cobblestone":1,"minecraft:spectral_arrow":6,"minecraft:leather":15,"minecraft:cracked_polished_blackstone_bricks":8,"minecraft:dirt":1,"minecraft:golden_carrot":1,"minecraft:polished_blackstone_brick_stairs":1,"minecraft:crimson_roots":1,"minecraft:potion":1,"minecraft:iron_leggings":1,"minecraft:gold_nugget":4,"minecraft:gilded_blackstone":1,"minecraft:polished_blackstone_bricks":9,"minecraft:string":3,"minecraft:gold_ingot":150,"minecraft:gravel":95,"minecraft:chiseled_polished_blackstone":1,"minecraft:blackstone":126,"minecraft:iron_nugget":79,"minecraft:nether_brick":47,"minecraft:iron_boots":2,"minecraft:oak_boat":1,"minecraft:basalt":1,"minecraft:arrow":2,"minecraft:stone_pickaxe":1,"minecraft:crying_obsidian":26,"minecraft:quartz":1,"minecraft:netherrack":3},"minecraft:mined":{"minecraft:nether_gold_ore":24,"minecraft:tuff":34,"minecraft:white_bed":4,"minecraft:deepslate_diamond_ore":32,"minecraft:oak_door":1,"minecraft:cherry_log":66,"minecraft:brewing_stand":1,"minecraft:obsidian":10,"minecraft:ladder":1,"minecraft:granite":5,"minecraft:chiseled_polished_blackstone":2,"minecraft:grass_block":102,"minecraft:crimson_roots":2,"minecraft:cracked_polished_blackstone_bricks":26,"minecraft:gilded_blackstone":2,"minecraft:spawner":1,"minecraft:hay_block":27,"minecraft:polished_blackstone_bricks":38,"minecraft:furnace":1,"minecraft:iron_ore":40,"minecraft:fire":13,"minecraft:andesite":10,"minecraft:gold_block":15,"minecraft:bell":3,"minecraft:deepslate_iron_ore":1,"minecraft:stone":39,"minecraft:blackstone":9,"minecraft:crimson_nylium":1,"minecraft:basalt":1,"minecraft:powder_snow":5,"minecraft:crafting_table":10,"minecraft:torch":2,"minecraft:tall_grass":11,"minecraft:nether_quartz_ore":10,"minecraft:copper_ore":2,"minecraft:cobblestone":2,"minecraft:lapis_ore":3,"minecraft:polished_blackstone_brick_stairs":1,"minecraft:sugar_cane":4,"minecraft:diorite":16,"minecraft:pink_petals":34,"minecraft:birch_leaves":6,"minecraft:warped_fungus":1,"minecraft:yellow_bed":3,"minecraft:grass":63,"minecraft:oak_log":11,"minecraft:coal_ore":13,"minecraft:cherry_leaves":32,"minecraft:gravel":7,"minecraft:dirt":96,"minecraft:netherrack":200,"minecraft:gold_ore":1,"minecraft:deepslate":137}},"DataVersion":3465}