{"stats":{"minecraft:picked_up":{"minecraft:crafting_table":8,"minecraft:iron_chestplate":1,"minecraft:wheat":3,"minecraft:clay_ball":1,"minecraft:chest_minecart":1,"minecraft:diamond_sword":1,"minecraft:wooden_pickaxe":1,"minecraft:gold_block":1,"minecraft:golden_sword":1,"minecraft:string":39,"minecraft:iron_leggings":1,"minecraft:blackstone":76,"minecraft:gold_nugget":269,"minecraft:cobbled_deepslate":46,"minecraft:beef":10,"minecraft:furnace":6,"minecraft:raw_iron":45,"minecraft:oak_fence":1,"minecraft:torch":9,"minecraft:porkchop":23,"minecraft:polished_blackstone_bricks":2,"minecraft:diorite":7,"minecraft:dark_oak_planks":3,"minecraft:arrow":5,"minecraft:rotten_flesh":7,"minecraft:gold_ingot":10,"minecraft:obsidian":1,"minecraft:mutton":18,"minecraft:white_wool":8,"minecraft:rail":1,"minecraft:bone_block":9,"minecraft:cobblestone":142,"minecraft:birch_log":5,"minecraft:basalt":2,"minecraft:leather":7,"minecraft:flint":1,"minecraft:tuff":15,"minecraft:oak_log":12,"minecraft:nether_wart_block":1,"minecraft:dirt":22,"minecraft:bone":2,"minecraft:bow":1,"minecraft:wheat_seeds":18,"minecraft:raw_gold":66,"minecraft:stone_pickaxe":1,"minecraft:soul_sand":8,"minecraft:quartz":10,"minecraft:gravel":46,"minecraft:dark_oak_log":24,"minecraft:spider_eye":6,"minecraft:diamond":29,"minecraft:cracked_polished_blackstone_bricks":5,"minecraft:iron_helmet":1,"minecraft:granite":9,"minecraft:gray_wool":3,"minecraft:netherrack":63,"minecraft:coal":81},"minecraft:used":{"minecraft:stone_sword":140,"minecraft:shield":62,"minecraft:netherrack":62,"minecraft:torch":170,"minecraft:soul_sand":3,"minecraft:dirt":9,"minecraft:mutton":3,"minecraft:tuff":15,"minecraft:granite":9,"minecraft:dark_oak_planks":47,"minecraft:iron_helmet":1,"minecraft:iron_boots":1,"minecraft:furnace":4,"minecraft:cooked_beef":1,"minecraft:cobbled_deepslate":37,"minecraft:iron_leggings":1,"minecraft:cooked_mutton":13,"minecraft:water_bucket":13,"minecraft:diorite":3,"minecraft:stone_pickaxe":222,"minecraft:blackstone":35,"minecraft:wooden_pickaxe":12,"minecraft:golden_apple":1,"minecraft:glow_berries":3,"minecraft:crafting_table":11,"minecraft:crossbow":5,"minecraft:diamond_pickaxe":97,"minecraft:bread":9,"minecraft:iron_pickaxe":122,"minecraft:gravel":22,"minecraft:stone_axe":59,"minecraft:diamond_sword":77,"minecraft:cobblestone":112,"minecraft:cooked_porkchop":16,"minecraft:bucket":13},"minecraft:broken":{"minecraft:golden_boots":1,"minecraft:stone_sword":1,"minecraft:stone_pickaxe":1,"minecraft:shield":1},"minecraft:killed_by":{"minecraft:zombified_piglin":1,"minecraft:enderman":1,"minecraft:warden":5,"minecraft:skeleton":1,"minecraft:zombie":1},"minecraft:killed":{"minecraft:cave_spider":1,"minecraft:zombified_piglin":5,"minecraft:spider":3,"minecraft:skeleton":8,"minecraft:piglin":9,"minecraft:pig":12,"minecraft:sheep":11,"minecraft:zombie":6,"minecraft:enderman":1,"minecraft:cow":6},"minecraft:crafted":{"minecraft:furnace":2,"minecraft:cooked_mutton":13,"minecraft:flint_and_steel":1,"minecraft:diamond_helmet":1,"minecraft:diamond_leggings":1,"minecraft:iron_boots":1,"minecraft:stone_pickaxe":2,"minecraft:diamond_boots":1,"minecraft:dark_oak_planks":96,"minecraft:golden_boots":1,"minecraft:cooked_beef":11,"minecraft:diamond_sword":1,"minecraft:cooked_porkchop":16,"minecraft:crafting_table":3,"minecraft:wooden_pickaxe":1,"minecraft:iron_helmet":1,"minecraft:bucket":1,"minecraft:stone_axe":1,"minecraft:bread":1,"minecraft:air":0,"minecraft:iron_chestplate":1,"minecraft:diamond_pickaxe":1,"minecraft:shield":1,"minecraft:stick":56,"minecraft:iron_ingot":36,"minecraft:stone_sword":2,"minecraft:gold_ingot":17,"minecraft:iron_leggings":1,"minecraft:torch":172,"minecraft:diamond_chestplate":1},"minecraft:custom":{"minecraft:mob_kills":64,"minecraft:interact_with_crafting_table":28,"minecraft:leave_game":1,"minecraft:time_since_death":2243,"minecraft:climb_one_cm":610,"minecraft:sprint_one_cm":345525,"minecraft:walk_one_cm":446538,"minecraft:damage_blocked_by_shield":2780,"minecraft:drop":202,"minecraft:play_time":133552,"minecraft:deaths":15,"minecraft:sneak_time":7279,"minecraft:walk_under_water_one_cm":8855,"minecraft:jump":2460,"minecraft:walk_on_water_one_cm":20626,"minecraft:total_world_time":133552,"minecraft:interact_with_furnace":55,"minecraft:time_since_rest":2268,"minecraft:damage_taken":7276,"minecraft:damage_absorbed":40,"minecraft:damage_dealt":9413,"minecraft:fly_one_cm":403142,"minecraft:swim_one_cm":2596,"minecraft:player_kills":2,"minecraft:open_chest":7,"minecraft:crouch_one_cm":25985,"minecraft:fall_one_cm":78230},"minecraft:dropped":{"minecraft:soul_sand":5,"minecraft:wheat_seeds":18,"minecraft:oak_fence":1,"minecraft:iron_helmet":2,"minecraft:cobblestone":1,"minecraft:leather":7,"minecraft:rail":3,"minecraft:dirt":13,"minecraft:gray_wool":3,"minecraft:iron_leggings":2,"minecraft:gold_nugget":135,"minecraft:dark_oak_planks":3,"minecraft:string":39,"minecraft:bucket":1,"minecraft:gold_ingot":16,"minecraft:bone":2,"minecraft:gravel":3,"minecraft:furnace":1,"minecraft:stone_sword":1,"minecraft:cobbled_deepslate":1,"minecraft:rotten_flesh":6,"minecraft:clay_ball":1,"minecraft:iron_boots":1,"minecraft:diamond_sword":1,"minecraft:iron_chestplate":2,"minecraft:spider_eye":6,"minecraft:arrow":2,"minecraft:bow":1,"minecraft:powered_rail":5,"minecraft:stone_pickaxe":1,"minecraft:wooden_pickaxe":2,"minecraft:raw_gold":33,"minecraft:netherrack":1},"minecraft:mined":{"minecraft:dark_oak_planks":1,"minecraft:nether_gold_ore":26,"minecraft:tuff":15,"minecraft:deepslate_diamond_ore":5,"minecraft:sculk_vein":1,"minecraft:dark_oak_log":24,"minecraft:granite":9,"minecraft:grass_block":2,"minecraft:cracked_polished_blackstone_bricks":4,"minecraft:spawner":4,"minecraft:furnace":4,"minecraft:iron_ore":27,"minecraft:cobbled_deepslate":2,"minecraft:fire":4,"minecraft:gold_block":2,"minecraft:cave_vines":2,"minecraft:deepslate_iron_ore":12,"minecraft:rail":1,"minecraft:stone":139,"minecraft:bone_block":8,"minecraft:crafting_table":8,"minecraft:torch":4,"minecraft:cobblestone":1,"minecraft:deepslate_gold_ore":32,"minecraft:sculk":7,"minecraft:diorite":7,"minecraft:wall_torch":3,"minecraft:nether_wart_block":1,"minecraft:birch_log":5,"minecraft:wheat":4,"minecraft:coal_ore":51,"minecraft:oak_log":12,"minecraft:dirt":4,"minecraft:gravel":21,"minecraft:cobweb":37,"minecraft:netherrack":48,"minecraft:gold_ore":3,"minecraft:oak_leaves":1,"minecraft:deepslate":35}},"DataVersion":3465}