{"stats":{"minecraft:custom":{"minecraft:time_since_rest":607,"minecraft:sprint_one_cm":17657,"minecraft:damage_taken":430,"minecraft:walk_one_cm":16452,"minecraft:mob_kills":1,"minecraft:drop":2,"minecraft:damage_dealt":211,"minecraft:swim_one_cm":2588,"minecraft:interact_with_crafting_table":2,"minecraft:fly_one_cm":37799,"minecraft:crouch_one_cm":647,"minecraft:play_time":11252,"minecraft:deaths":1,"minecraft:sneak_time":427,"minecraft:walk_under_water_one_cm":703,"minecraft:jump":213,"minecraft:leave_game":7,"minecraft:walk_on_water_one_cm":732,"minecraft:time_since_death":580,"minecraft:total_world_time":11252,"minecraft:fall_one_cm":12324},"minecraft:mined":{"minecraft:dark_oak_leaves":2,"minecraft:iron_ore":4,"minecraft:dark_oak_log":5,"minecraft:coal_ore":3,"minecraft:grass_block":1,"minecraft:dirt":1,"minecraft:brown_mushroom_block":1,"minecraft:stone":20,"minecraft:wall_torch":1},"minecraft:picked_up":{"minecraft:raw_iron":4,"minecraft:brown_mushroom":2,"minecraft:torch":1,"minecraft:dark_oak_log":9,"minecraft:dirt":2,"minecraft:wheat_seeds":1,"minecraft:stone_pickaxe":1,"minecraft:coal":2,"minecraft:cobblestone":19},"minecraft:killed_by":{"minecraft:player":1},"minecraft:used":{"minecraft:wooden_axe":3,"minecraft:stone_pickaxe":33,"minecraft:torch":4,"minecraft:dirt":2},"minecraft:killed":{"minecraft:zombie":1},"minecraft:crafted":{"minecraft:stick":4,"minecraft:wooden_axe":1,"minecraft:dark_oak_planks":36,"minecraft:torch":8},"minecraft:dropped":{"minecraft:brown_mushroom":2}},"DataVersion":3465}