{"stats":{"minecraft:custom":{"minecraft:interact_with_smithing_table":1,"minecraft:interact_with_anvil":2,"minecraft:mob_kills":55,"minecraft:interact_with_crafting_table":21,"minecraft:leave_game":4,"minecraft:time_since_death":18140,"minecraft:climb_one_cm":5495,"minecraft:sprint_one_cm":380024,"minecraft:walk_one_cm":285813,"minecraft:damage_blocked_by_shield":845,"minecraft:drop":278,"minecraft:play_time":164217,"minecraft:sneak_time":7434,"minecraft:deaths":15,"minecraft:walk_under_water_one_cm":4226,"minecraft:jump":3583,"minecraft:walk_on_water_one_cm":11968,"minecraft:total_world_time":164217,"minecraft:interact_with_furnace":36,"minecraft:sleep_in_bed":2,"minecraft:time_since_rest":18171,"minecraft:damage_absorbed":40,"minecraft:damage_taken":7168,"minecraft:minecart_one_cm":50412,"minecraft:damage_dealt":12170,"minecraft:player_kills":1,"minecraft:swim_one_cm":13223,"minecraft:fly_one_cm":670966,"minecraft:open_chest":39,"minecraft:crouch_one_cm":27542,"minecraft:fall_one_cm":147954,"minecraft:horse_one_cm":542230},"minecraft:broken":{"minecraft:golden_boots":1,"minecraft:stone_axe":1,"minecraft:iron_pickaxe":2},"minecraft:killed_by":{"minecraft:player":3,"minecraft:piglin_brute":1,"minecraft:piglin":1,"minecraft:warden":2},"minecraft:used":{"minecraft:beetroot":1,"minecraft:diamond_hoe":1,"minecraft:poppy":1,"minecraft:bone_block":14,"minecraft:shield":31,"minecraft:rotten_flesh":3,"minecraft:netherrack":46,"minecraft:sculk_sensor":1,"minecraft:iron_chestplate":1,"minecraft:torch":9,"minecraft:dirt":37,"minecraft:twisting_vines":4,"minecraft:carrot":3,"minecraft:diamond_helmet":1,"minecraft:tuff":16,"minecraft:dark_oak_planks":7,"minecraft:lava_bucket":23,"minecraft:iron_axe":91,"minecraft:iron_helmet":1,"minecraft:polished_blackstone_brick_stairs":1,"minecraft:crimson_roots":2,"minecraft:diamond_chestplate":4,"minecraft:basalt":1,"minecraft:bow":14,"minecraft:sweet_berries":22,"minecraft:furnace":15,"minecraft:beetroot_seeds":3,"minecraft:minecart":6,"minecraft:egg":6,"minecraft:cooked_beef":15,"minecraft:cobbled_deepslate":148,"minecraft:iron_leggings":1,"minecraft:golden_boots":1,"minecraft:wheat_seeds":28,"minecraft:cooked_mutton":8,"minecraft:water_bucket":4,"minecraft:diamond_boots":2,"minecraft:netherite_chestplate":1,"minecraft:stone_pickaxe":74,"minecraft:wooden_pickaxe":3,"minecraft:polished_blackstone_bricks":26,"minecraft:golden_apple":1,"minecraft:white_wool":6,"minecraft:glow_berries":6,"minecraft:rail":3,"minecraft:crafting_table":14,"minecraft:spider_eye":1,"minecraft:diamond_pickaxe":92,"minecraft:dark_oak_log":3,"minecraft:string":2,"minecraft:cracked_polished_blackstone_bricks":7,"minecraft:bread":9,"minecraft:iron_pickaxe":498,"minecraft:gravel":19,"minecraft:stone_axe":85,"minecraft:diamond_sword":119,"minecraft:fire_charge":3,"minecraft:potion":1,"minecraft:cobblestone":15,"minecraft:cooked_porkchop":8,"minecraft:smithing_table":1,"minecraft:andesite":2,"minecraft:bucket":30,"minecraft:dandelion":1,"minecraft:diamond_leggings":1,"minecraft:experience_bottle":4},"minecraft:crafted":{"minecraft:cherry_planks":4,"minecraft:furnace":1,"minecraft:cooked_mutton":8,"minecraft:netherite_chestplate":1,"minecraft:diamond_helmet":1,"minecraft:diamond_leggings":1,"minecraft:iron_axe":1,"minecraft:stone_pickaxe":2,"minecraft:diamond_boots":1,"minecraft:dark_oak_planks":48,"minecraft:minecart":1,"minecraft:golden_boots":1,"minecraft:cooked_beef":8,"minecraft:diamond_sword":1,"minecraft:cooked_porkchop":8,"minecraft:crafting_table":1,"minecraft:wooden_pickaxe":1,"minecraft:iron_helmet":1,"minecraft:smithing_table":1,"minecraft:stone_axe":1,"minecraft:air":0,"minecraft:bread":2,"minecraft:iron_chestplate":1,"minecraft:diamond_pickaxe":1,"minecraft:shield":1,"minecraft:stick":16,"minecraft:iron_ingot":22,"minecraft:iron_pickaxe":1,"minecraft:iron_leggings":1,"minecraft:gold_ingot":16,"minecraft:diamond_chestplate":1},"minecraft:mined":{"minecraft:dark_oak_planks":3,"minecraft:nether_gold_ore":5,"minecraft:tuff":18,"minecraft:dark_oak_leaves":7,"minecraft:deepslate_diamond_ore":53,"minecraft:cherry_log":1,"minecraft:dark_oak_log":19,"minecraft:grass_block":2,"minecraft:crimson_roots":1,"minecraft:cracked_polished_blackstone_bricks":10,"minecraft:polished_blackstone_bricks":31,"minecraft:furnace":15,"minecraft:carrots":2,"minecraft:iron_ore":41,"minecraft:cobbled_deepslate":10,"minecraft:fire":37,"minecraft:andesite":2,"minecraft:deepslate_lapis_ore":2,"minecraft:twisting_vines":1,"minecraft:potatoes":1,"minecraft:deepslate_iron_ore":7,"minecraft:rail":2,"minecraft:stone":34,"minecraft:bone_block":15,"minecraft:blackstone":2,"minecraft:soul_fire":1,"minecraft:basalt":3,"minecraft:dandelion":1,"minecraft:crafting_table":13,"minecraft:torch":4,"minecraft:chest":1,"minecraft:tall_grass":4,"minecraft:cobblestone":2,"minecraft:lapis_ore":4,"minecraft:sugar_cane":5,"minecraft:polished_blackstone_brick_stairs":1,"minecraft:sculk":27,"minecraft:wall_torch":9,"minecraft:wheat":10,"minecraft:sweet_berry_bush":10,"minecraft:grass":18,"minecraft:coal_ore":40,"minecraft:beetroots":1,"minecraft:dirt":7,"minecraft:netherrack":75,"minecraft:oak_leaves":1,"minecraft:deepslate":278,"minecraft:fern":2},"minecraft:dropped":{"minecraft:wheat_seeds":5,"minecraft:glow_ink_sac":5,"minecraft:diamond":30,"minecraft:iron_helmet":1,"minecraft:cobblestone":6,"minecraft:stick":1,"minecraft:cracked_polished_blackstone_bricks":1,"minecraft:iron_leggings":1,"minecraft:gold_nugget":209,"minecraft:polished_blackstone_bricks":1,"minecraft:dark_oak_planks":5,"minecraft:gold_ingot":58,"minecraft:gravel":18,"minecraft:blackstone":35,"minecraft:cobbled_deepslate":136,"minecraft:tuff":2,"minecraft:obsidian":1,"minecraft:rotten_flesh":10,"minecraft:iron_boots":1,"minecraft:carrot":6,"minecraft:diamond_sword":1,"minecraft:potato":3,"minecraft:gunpowder":3,"minecraft:iron_chestplate":1,"minecraft:golden_sword":1,"minecraft:spider_eye":3,"minecraft:basalt":2,"minecraft:arrow":2,"minecraft:wooden_pickaxe":1,"minecraft:stone_pickaxe":2},"minecraft:killed":{"minecraft:zombified_piglin":1,"minecraft:spider":3,"minecraft:skeleton":9,"minecraft:horse":1,"minecraft:piglin":1,"minecraft:pig":4,"minecraft:iron_golem":1,"minecraft:hoglin":1,"minecraft:creeper":2,"minecraft:sheep":6,"minecraft:zombie":17,"minecraft:ghast":2,"minecraft:cow":4,"minecraft:enderman":2},"minecraft:picked_up":{"minecraft:crafting_table":13,"minecraft:wheat":10,"minecraft:diamond_sword":1,"minecraft:potion":1,"minecraft:nether_brick":19,"minecraft:golden_sword":1,"minecraft:polished_blackstone_brick_stairs":1,"minecraft:string":2,"minecraft:netherite_ingot":1,"minecraft:blackstone":35,"minecraft:beetroot":1,"minecraft:gold_nugget":209,"minecraft:cobbled_deepslate":284,"minecraft:bucket":1,"minecraft:beef":9,"minecraft:netherite_upgrade_smithing_template":1,"minecraft:poppy":1,"minecraft:minecart":7,"minecraft:sugar_cane":9,"minecraft:chest":1,"minecraft:furnace":14,"minecraft:iron_boots":1,"minecraft:egg":6,"minecraft:raw_iron":68,"minecraft:torch":13,"minecraft:porkchop":8,"minecraft:fire_charge":3,"minecraft:polished_blackstone_bricks":27,"minecraft:cherry_log":1,"minecraft:carrot":9,"minecraft:dark_oak_planks":14,"minecraft:arrow":8,"minecraft:rotten_flesh":15,"minecraft:diamond_chestplate":1,"minecraft:beetroot_seeds":3,"minecraft:iron_block":3,"minecraft:saddle":1,"minecraft:gold_ingot":46,"minecraft:obsidian":1,"minecraft:mutton":8,"minecraft:bone_block":14,"minecraft:rail":3,"minecraft:white_wool":6,"minecraft:cobblestone":38,"minecraft:basalt":3,"minecraft:magma_cream":7,"minecraft:glow_ink_sac":5,"minecraft:andesite":2,"minecraft:leather":9,"minecraft:potato":3,"minecraft:tuff":18,"minecraft:ancient_debris":1,"minecraft:gunpowder":3,"minecraft:lapis_lazuli":40,"minecraft:dirt":37,"minecraft:twisting_vines":4,"minecraft:bone":12,"minecraft:bow":1,"minecraft:wheat_seeds":34,"minecraft:iron_ingot":20,"minecraft:soul_sand":5,"minecraft:sweet_berries":22,"minecraft:dandelion":1,"minecraft:gravel":37,"minecraft:crying_obsidian":7,"minecraft:spectral_arrow":8,"minecraft:dark_oak_log":15,"minecraft:spider_eye":5,"minecraft:diamond":59,"minecraft:cracked_polished_blackstone_bricks":9,"minecraft:netherrack":68,"minecraft:coal":83,"minecraft:crimson_roots":2}},"DataVersion":3465}